{"level":"info-0","ts":"2026-02-08T06:05:59Z","logger":"trufflehog","msg":"running source","source_manager_worker_id":"6I1fo","with_units":true}
{"level":"info-0","ts":"2026-02-08T06:05:59Z","logger":"trufflehog","msg":"scanning repo","source_manager_worker_id":"6I1fo","unit_kind":"dir","unit":"/tmp/trufflehog-2339-1450569427","repo":"file:///home/runner/work/ecoplate/ecoplate"}
{"level":"info-0","ts":"2026-02-08T06:05:59Z","logger":"trufflehog","msg":"finished scanning","chunks":4963,"bytes":12737895,"verified_secrets":0,"unverified_secrets":0,"scan_duration":"794.638356ms","trufflehog_version":"3.93.1","verification_caching":{"Hits":0,"Misses":0,"HitsWasted":0,"AttemptsSaved":0,"VerificationTimeSpentMS":0}}
