{
	"@programName": "ZAP",
	"@version": "2.17.0",
	"@generated": "Sun, 8 Feb 2026 06:14:35",
	"created": "2026-02-08T06:14:35.981142071Z",
	"insights":[
		{
			"level": "Low",
			"reason": "Warning",
			"site": "",
			"key": "insight.log.warn",
			"description": "ZAP warnings logged - see the zap.log file for details",
			"statistic": "1"
		},
		{
			"level": "Info",
			"reason": "Informational",
			"site": "http://13.212.25.234",
			"key": "insight.code.2xx",
			"description": "Percentage of responses with status code 2xx",
			"statistic": "39"
		},
		{
			"level": "Info",
			"reason": "Informational",
			"site": "http://13.212.25.234",
			"key": "insight.code.3xx",
			"description": "Percentage of responses with status code 3xx",
			"statistic": "23"
		},
		{
			"level": "Info",
			"reason": "Informational",
			"site": "http://13.212.25.234",
			"key": "insight.code.4xx",
			"description": "Percentage of responses with status code 4xx",
			"statistic": "37"
		},
		{
			"level": "Info",
			"reason": "Informational",
			"site": "http://13.212.25.234",
			"key": "insight.endpoint.ctype.application/json",
			"description": "Percentage of endpoints with content type application/json",
			"statistic": "42"
		},
		{
			"level": "Info",
			"reason": "Informational",
			"site": "http://13.212.25.234",
			"key": "insight.endpoint.ctype.text/html",
			"description": "Percentage of endpoints with content type text/html",
			"statistic": "57"
		},
		{
			"level": "Info",
			"reason": "Informational",
			"site": "http://13.212.25.234",
			"key": "insight.endpoint.method.GET",
			"description": "Percentage of endpoints with method GET",
			"statistic": "100"
		},
		{
			"level": "Info",
			"reason": "Informational",
			"site": "http://13.212.25.234",
			"key": "insight.endpoint.total",
			"description": "Count of total endpoints",
			"statistic": "14"
		},
		{
			"level": "Info",
			"reason": "Informational",
			"site": "http://13.212.25.234",
			"key": "insight.response.slow",
			"description": "Percentage of slow responses",
			"statistic": "100"
		}
	],
	"site":[ 
		{
			"@name": "http://13.212.25.234",
			"@host": "13.212.25.234",
			"@port": "80",
			"@ssl": "false",
			"alerts": [ 
				{
					"pluginid": "100001",
					"alertRef": "100001",
					"alert": "Unexpected Content-Type was returned",
					"name": "Unexpected Content-Type was returned",
					"riskcode": "1",
					"confidence": "3",
					"riskdesc": "Low (High)",
					"desc": "<p>A Content-Type of text/html was returned by the server.</p><p>This is not one of the types expected to be returned by an API.</p><p>Raised by the 'Alert on Unexpected Content Types' script</p>",
					"instances":[ 
						{
							"id": "5",
							"uri": "http://13.212.25.234",
							"nodeName": "http:\/\/13.212.25.234",
							"method": "GET",
							"param": "",
							"attack": "",
							"evidence": "text/html",
							"otherinfo": ""
						},
						{
							"id": "56",
							"uri": "http://13.212.25.234/",
							"nodeName": "http:\/\/13.212.25.234\/",
							"method": "GET",
							"param": "",
							"attack": "",
							"evidence": "text/html",
							"otherinfo": ""
						},
						{
							"id": "1",
							"uri": "http://13.212.25.234/4096916687058171168",
							"nodeName": "http:\/\/13.212.25.234\/4096916687058171168",
							"method": "GET",
							"param": "",
							"attack": "",
							"evidence": "text/html",
							"otherinfo": ""
						},
						{
							"id": "2",
							"uri": "http://13.212.25.234/8266872882487320133",
							"nodeName": "http:\/\/13.212.25.234\/8266872882487320133",
							"method": "GET",
							"param": "",
							"attack": "",
							"evidence": "text/html",
							"otherinfo": ""
						},
						{
							"id": "6",
							"uri": "http://13.212.25.234/api",
							"nodeName": "http:\/\/13.212.25.234\/api",
							"method": "GET",
							"param": "",
							"attack": "",
							"evidence": "text/html",
							"otherinfo": ""
						},
						{
							"id": "44",
							"uri": "http://13.212.25.234/computeMetadata/v1/",
							"nodeName": "http:\/\/13.212.25.234\/computeMetadata\/v1\/",
							"method": "GET",
							"param": "",
							"attack": "",
							"evidence": "text/html",
							"otherinfo": ""
						},
						{
							"id": "41",
							"uri": "http://13.212.25.234/latest/meta-data/",
							"nodeName": "http:\/\/13.212.25.234\/latest\/meta-data\/",
							"method": "GET",
							"param": "",
							"attack": "",
							"evidence": "text/html",
							"otherinfo": ""
						},
						{
							"id": "50",
							"uri": "http://13.212.25.234/metadata/instance",
							"nodeName": "http:\/\/13.212.25.234\/metadata\/instance",
							"method": "GET",
							"param": "",
							"attack": "",
							"evidence": "text/html",
							"otherinfo": ""
						},
						{
							"id": "46",
							"uri": "http://13.212.25.234/opc/v1/instance/",
							"nodeName": "http:\/\/13.212.25.234\/opc\/v1\/instance\/",
							"method": "GET",
							"param": "",
							"attack": "",
							"evidence": "text/html",
							"otherinfo": ""
						}
					],
					"count": "9",
					"systemic": false,
					"solution": "",
					"otherinfo": "",
					"reference": "",
					"cweid": "-1",
					"wascid": "-1",
					"sourceid": "13"
				},
				{
					"pluginid": "100000",
					"alertRef": "100000",
					"alert": "A Client Error response code was returned by the server",
					"name": "A Client Error response code was returned by the server",
					"riskcode": "0",
					"confidence": "3",
					"riskdesc": "Informational (High)",
					"desc": "<p>A response code of 404 was returned by the server.</p><p>This may indicate that the application is failing to handle unexpected input correctly.</p><p>Raised by the 'Alert on HTTP Response Code Error' script</p>",
					"instances":[ 
						{
							"id": "58",
							"uri": "http://13.212.25.234/api/",
							"nodeName": "http:\/\/13.212.25.234\/api\/",
							"method": "GET",
							"param": "",
							"attack": "",
							"evidence": "404",
							"otherinfo": ""
						},
						{
							"id": "3",
							"uri": "http://13.212.25.234/api/190875045145223687",
							"nodeName": "http:\/\/13.212.25.234\/api\/190875045145223687",
							"method": "GET",
							"param": "",
							"attack": "",
							"evidence": "404",
							"otherinfo": ""
						},
						{
							"id": "7",
							"uri": "http://13.212.25.234/api/v1",
							"nodeName": "http:\/\/13.212.25.234\/api\/v1",
							"method": "GET",
							"param": "",
							"attack": "",
							"evidence": "404",
							"otherinfo": ""
						},
						{
							"id": "0",
							"uri": "http://13.212.25.234/api/v1/",
							"nodeName": "http:\/\/13.212.25.234\/api\/v1\/",
							"method": "GET",
							"param": "",
							"attack": "",
							"evidence": "404",
							"otherinfo": ""
						},
						{
							"id": "4",
							"uri": "http://13.212.25.234/api/v1/4085000575583847400",
							"nodeName": "http:\/\/13.212.25.234\/api\/v1\/4085000575583847400",
							"method": "GET",
							"param": "",
							"attack": "",
							"evidence": "404",
							"otherinfo": ""
						},
						{
							"id": "73",
							"uri": "http://13.212.25.234/api/v1/actuator/health",
							"nodeName": "http:\/\/13.212.25.234\/api\/v1\/actuator\/health",
							"method": "GET",
							"param": "",
							"attack": "",
							"evidence": "404",
							"otherinfo": ""
						}
					],
					"count": "6",
					"systemic": false,
					"solution": "",
					"otherinfo": "",
					"reference": "",
					"cweid": "388",
					"wascid": "20",
					"sourceid": "64"
				},
				{
					"pluginid": "90005",
					"alertRef": "90005-3",
					"alert": "Sec-Fetch-Dest Header is Missing",
					"name": "Sec-Fetch-Dest Header is Missing",
					"riskcode": "0",
					"confidence": "3",
					"riskdesc": "Informational (High)",
					"desc": "<p>Specifies how and where the data would be used. For instance, if the value is audio, then the requested resource must be audio data and not any other type of resource.</p>",
					"instances":[ 
						{
							"id": "15",
							"uri": "http://13.212.25.234/api/v1/",
							"nodeName": "http:\/\/13.212.25.234\/api\/v1\/",
							"method": "GET",
							"param": "Sec-Fetch-Dest",
							"attack": "",
							"evidence": "",
							"otherinfo": ""
						}
					],
					"count": "1",
					"systemic": true,
					"solution": "<p>Ensure that Sec-Fetch-Dest header is included in request headers.</p>",
					"otherinfo": "",
					"reference": "<p>https://developer.mozilla.org/en-US/docs/Web/HTTP/Reference/Headers/Sec-Fetch-Dest</p>",
					"cweid": "352",
					"wascid": "9",
					"sourceid": "1"
				},
				{
					"pluginid": "90005",
					"alertRef": "90005-2",
					"alert": "Sec-Fetch-Mode Header is Missing",
					"name": "Sec-Fetch-Mode Header is Missing",
					"riskcode": "0",
					"confidence": "3",
					"riskdesc": "Informational (High)",
					"desc": "<p>Allows to differentiate between requests for navigating between HTML pages and requests for loading resources like images, audio etc.</p>",
					"instances":[ 
						{
							"id": "12",
							"uri": "http://13.212.25.234/api/v1/",
							"nodeName": "http:\/\/13.212.25.234\/api\/v1\/",
							"method": "GET",
							"param": "Sec-Fetch-Mode",
							"attack": "",
							"evidence": "",
							"otherinfo": ""
						}
					],
					"count": "1",
					"systemic": true,
					"solution": "<p>Ensure that Sec-Fetch-Mode header is included in request headers.</p>",
					"otherinfo": "",
					"reference": "<p>https://developer.mozilla.org/en-US/docs/Web/HTTP/Reference/Headers/Sec-Fetch-Mode</p>",
					"cweid": "352",
					"wascid": "9",
					"sourceid": "5"
				},
				{
					"pluginid": "90005",
					"alertRef": "90005-1",
					"alert": "Sec-Fetch-Site Header is Missing",
					"name": "Sec-Fetch-Site Header is Missing",
					"riskcode": "0",
					"confidence": "3",
					"riskdesc": "Informational (High)",
					"desc": "<p>Specifies the relationship between request initiator's origin and target's origin.</p>",
					"instances":[ 
						{
							"id": "10",
							"uri": "http://13.212.25.234/api/v1/",
							"nodeName": "http:\/\/13.212.25.234\/api\/v1\/",
							"method": "GET",
							"param": "Sec-Fetch-Site",
							"attack": "",
							"evidence": "",
							"otherinfo": ""
						}
					],
					"count": "1",
					"systemic": true,
					"solution": "<p>Ensure that Sec-Fetch-Site header is included in request headers.</p>",
					"otherinfo": "",
					"reference": "<p>https://developer.mozilla.org/en-US/docs/Web/HTTP/Reference/Headers/Sec-Fetch-Site</p>",
					"cweid": "352",
					"wascid": "9",
					"sourceid": "5"
				},
				{
					"pluginid": "90005",
					"alertRef": "90005-4",
					"alert": "Sec-Fetch-User Header is Missing",
					"name": "Sec-Fetch-User Header is Missing",
					"riskcode": "0",
					"confidence": "3",
					"riskdesc": "Informational (High)",
					"desc": "<p>Specifies if a navigation request was initiated by a user.</p>",
					"instances":[ 
						{
							"id": "16",
							"uri": "http://13.212.25.234/api/v1/",
							"nodeName": "http:\/\/13.212.25.234\/api\/v1\/",
							"method": "GET",
							"param": "Sec-Fetch-User",
							"attack": "",
							"evidence": "",
							"otherinfo": ""
						}
					],
					"count": "1",
					"systemic": true,
					"solution": "<p>Ensure that Sec-Fetch-User header is included in user initiated requests.</p>",
					"otherinfo": "",
					"reference": "<p>https://developer.mozilla.org/en-US/docs/Web/HTTP/Reference/Headers/Sec-Fetch-User</p>",
					"cweid": "352",
					"wascid": "9",
					"sourceid": "1"
				},
				{
					"pluginid": "10049",
					"alertRef": "10049-3",
					"alert": "Storable and Cacheable Content",
					"name": "Storable and Cacheable Content",
					"riskcode": "0",
					"confidence": "2",
					"riskdesc": "Informational (Medium)",
					"desc": "<p>The response contents are storable by caching components such as proxy servers, and may be retrieved directly from the cache, rather than from the origin server by the caching servers, in response to similar requests from other users. If the response data is sensitive, personal or user-specific, this may result in sensitive information being leaked. In some cases, this may even result in a user gaining complete control of the session of another user, depending on the configuration of the caching components in use in their environment. This is primarily an issue where \"shared\" caching servers such as \"proxy\" caches are configured on the local network. This configuration is typically found in corporate or educational environments, for instance.</p>",
					"instances":[ 
						{
							"id": "8",
							"uri": "http://13.212.25.234/api/v1/",
							"nodeName": "http:\/\/13.212.25.234\/api\/v1\/",
							"method": "GET",
							"param": "",
							"attack": "",
							"evidence": "",
							"otherinfo": "In the absence of an explicitly specified caching lifetime directive in the response, a liberal lifetime heuristic of 1 year was assumed. This is permitted by rfc7234."
						}
					],
					"count": "1",
					"systemic": true,
					"solution": "<p>Validate that the response does not contain sensitive, personal or user-specific information. If it does, consider the use of the following HTTP response headers, to limit, or prevent the content being stored and retrieved from the cache by another user:</p><p>Cache-Control: no-cache, no-store, must-revalidate, private</p><p>Pragma: no-cache</p><p>Expires: 0</p><p>This configuration directs both HTTP 1.0 and HTTP 1.1 compliant caching servers to not store the response, and to not retrieve the response (without validation) from the cache, in response to a similar request.</p>",
					"otherinfo": "<p>In the absence of an explicitly specified caching lifetime directive in the response, a liberal lifetime heuristic of 1 year was assumed. This is permitted by rfc7234.</p>",
					"reference": "<p>https://datatracker.ietf.org/doc/html/rfc7234</p><p>https://datatracker.ietf.org/doc/html/rfc7231</p><p>https://www.w3.org/Protocols/rfc2616/rfc2616-sec13.html</p>",
					"cweid": "524",
					"wascid": "13",
					"sourceid": "5"
				}
			]
		}
	],
	"sequences":[
	]

}
