{
  "auditReportVersion": 2,
  "vulnerabilities": {
    "esbuild": {
      "name": "esbuild",
      "severity": "moderate",
      "isDirect": false,
      "via": [
        {
          "source": 1102341,
          "name": "esbuild",
          "dependency": "esbuild",
          "title": "esbuild enables any website to send any requests to the development server and read the response",
          "url": "https://github.com/advisories/GHSA-67mh-4wv8-2f99",
          "severity": "moderate",
          "cwe": [
            "CWE-346"
          ],
          "cvss": {
            "score": 5.3,
            "vectorString": "CVSS:3.1/AV:N/AC:H/PR:N/UI:R/S:U/C:H/I:N/A:N"
          },
          "range": "<=0.24.2"
        }
      ],
      "effects": [],
      "range": "<=0.24.2",
      "nodes": [
        "node_modules/esbuild"
      ],
      "fixAvailable": true
    }
  },
  "metadata": {
    "vulnerabilities": {
      "info": 0,
      "low": 0,
      "moderate": 1,
      "high": 0,
      "critical": 0,
      "total": 1
    },
    "dependencies": {
      "prod": 308,
      "dev": 419,
      "optional": 135,
      "peer": 18,
      "peerOptional": 0,
      "total": 750
    }
  }
}
