{"version":"1.150.0","results":[{"check_id":"yaml.github-actions.security.workflow-run-target-code-checkout.workflow-run-target-code-checkout","path":".github/workflows/cd.yml","start":{"line":71,"col":9,"offset":2299},"end":{"line":73,"col":57,"offset":2395},"extra":{"message":"This GitHub Actions workflow file uses `workflow_run` and checks out code from the incoming pull request. When using `workflow_run`, the Action runs in the context of the target repository, which includes access to all repository secrets. Normally, this is safe because the Action only runs code from the target repository, not the incoming PR. However, by checking out the incoming PR code, you're now using the incoming code for the rest of the action. You may be inadvertently executing arbitrary code from the incoming PR with access to repository secrets, which would let an attacker steal repository secrets. This normally happens by running build scripts (e.g., `npm build` and `make`) or dependency installation scripts (e.g., `python setup.py install`). Audit your workflow file to make sure no code from the incoming PR is executed. Please see https://securitylab.github.com/research/github-actions-preventing-pwn-requests/ for additional mitigations.","metadata":{"category":"security","owasp":"A01:2017 - Injection","cwe":"CWE-913: Improper Control of Dynamically-Managed Code Resources","likelihood":"MEDIUM","impact":"MEDIUM","confidence":"MEDIUM","subcategory":["vuln"],"references":["https://securitylab.github.com/research/github-actions-preventing-pwn-requests/","https://github.com/justinsteven/advisories/blob/master/2021_github_actions_checkspelling_token_leak_via_advice_symlink.md","https://www.legitsecurity.com/blog/github-privilege-escalation-vulnerability"],"technology":["github-actions"],"license":"Semgrep Rules License v1.0. For more details, visit semgrep.dev/legal/rules-license","vulnerability_class":["Code Injection"],"source":"https://semgrep.dev/r/yaml.github-actions.security.workflow-run-target-code-checkout.workflow-run-target-code-checkout","shortlink":"https://sg.run/A0p6"},"severity":"WARNING","fingerprint":"requires login","lines":"requires login","validation_state":"NO_VALIDATOR","engine_kind":"OSS"}},{"check_id":"yaml.github-actions.security.workflow-run-target-code-checkout.workflow-run-target-code-checkout","path":".github/workflows/cd.yml","start":{"line":315,"col":9,"offset":10470},"end":{"line":317,"col":57,"offset":10566},"extra":{"message":"This GitHub Actions workflow file uses `workflow_run` and checks out code from the incoming pull request. When using `workflow_run`, the Action runs in the context of the target repository, which includes access to all repository secrets. Normally, this is safe because the Action only runs code from the target repository, not the incoming PR. However, by checking out the incoming PR code, you're now using the incoming code for the rest of the action. You may be inadvertently executing arbitrary code from the incoming PR with access to repository secrets, which would let an attacker steal repository secrets. This normally happens by running build scripts (e.g., `npm build` and `make`) or dependency installation scripts (e.g., `python setup.py install`). Audit your workflow file to make sure no code from the incoming PR is executed. Please see https://securitylab.github.com/research/github-actions-preventing-pwn-requests/ for additional mitigations.","metadata":{"category":"security","owasp":"A01:2017 - Injection","cwe":"CWE-913: Improper Control of Dynamically-Managed Code Resources","likelihood":"MEDIUM","impact":"MEDIUM","confidence":"MEDIUM","subcategory":["vuln"],"references":["https://securitylab.github.com/research/github-actions-preventing-pwn-requests/","https://github.com/justinsteven/advisories/blob/master/2021_github_actions_checkspelling_token_leak_via_advice_symlink.md","https://www.legitsecurity.com/blog/github-privilege-escalation-vulnerability"],"technology":["github-actions"],"license":"Semgrep Rules License v1.0. For more details, visit semgrep.dev/legal/rules-license","vulnerability_class":["Code Injection"],"source":"https://semgrep.dev/r/yaml.github-actions.security.workflow-run-target-code-checkout.workflow-run-target-code-checkout","shortlink":"https://sg.run/A0p6"},"severity":"WARNING","fingerprint":"requires login","lines":"requires login","validation_state":"NO_VALIDATOR","engine_kind":"OSS"}},{"check_id":"yaml.github-actions.security.workflow-run-target-code-checkout.workflow-run-target-code-checkout","path":".github/workflows/cd.yml","start":{"line":354,"col":9,"offset":11939},"end":{"line":356,"col":57,"offset":12035},"extra":{"message":"This GitHub Actions workflow file uses `workflow_run` and checks out code from the incoming pull request. When using `workflow_run`, the Action runs in the context of the target repository, which includes access to all repository secrets. Normally, this is safe because the Action only runs code from the target repository, not the incoming PR. However, by checking out the incoming PR code, you're now using the incoming code for the rest of the action. You may be inadvertently executing arbitrary code from the incoming PR with access to repository secrets, which would let an attacker steal repository secrets. This normally happens by running build scripts (e.g., `npm build` and `make`) or dependency installation scripts (e.g., `python setup.py install`). Audit your workflow file to make sure no code from the incoming PR is executed. Please see https://securitylab.github.com/research/github-actions-preventing-pwn-requests/ for additional mitigations.","metadata":{"category":"security","owasp":"A01:2017 - Injection","cwe":"CWE-913: Improper Control of Dynamically-Managed Code Resources","likelihood":"MEDIUM","impact":"MEDIUM","confidence":"MEDIUM","subcategory":["vuln"],"references":["https://securitylab.github.com/research/github-actions-preventing-pwn-requests/","https://github.com/justinsteven/advisories/blob/master/2021_github_actions_checkspelling_token_leak_via_advice_symlink.md","https://www.legitsecurity.com/blog/github-privilege-escalation-vulnerability"],"technology":["github-actions"],"license":"Semgrep Rules License v1.0. For more details, visit semgrep.dev/legal/rules-license","vulnerability_class":["Code Injection"],"source":"https://semgrep.dev/r/yaml.github-actions.security.workflow-run-target-code-checkout.workflow-run-target-code-checkout","shortlink":"https://sg.run/A0p6"},"severity":"WARNING","fingerprint":"requires login","lines":"requires login","validation_state":"NO_VALIDATOR","engine_kind":"OSS"}},{"check_id":"yaml.github-actions.security.workflow-run-target-code-checkout.workflow-run-target-code-checkout","path":".github/workflows/security-report.yml","start":{"line":23,"col":9,"offset":422},"end":{"line":25,"col":79,"offset":540},"extra":{"message":"This GitHub Actions workflow file uses `workflow_run` and checks out code from the incoming pull request. When using `workflow_run`, the Action runs in the context of the target repository, which includes access to all repository secrets. Normally, this is safe because the Action only runs code from the target repository, not the incoming PR. However, by checking out the incoming PR code, you're now using the incoming code for the rest of the action. You may be inadvertently executing arbitrary code from the incoming PR with access to repository secrets, which would let an attacker steal repository secrets. This normally happens by running build scripts (e.g., `npm build` and `make`) or dependency installation scripts (e.g., `python setup.py install`). Audit your workflow file to make sure no code from the incoming PR is executed. Please see https://securitylab.github.com/research/github-actions-preventing-pwn-requests/ for additional mitigations.","metadata":{"category":"security","owasp":"A01:2017 - Injection","cwe":"CWE-913: Improper Control of Dynamically-Managed Code Resources","likelihood":"MEDIUM","impact":"MEDIUM","confidence":"MEDIUM","subcategory":["vuln"],"references":["https://securitylab.github.com/research/github-actions-preventing-pwn-requests/","https://github.com/justinsteven/advisories/blob/master/2021_github_actions_checkspelling_token_leak_via_advice_symlink.md","https://www.legitsecurity.com/blog/github-privilege-escalation-vulnerability"],"technology":["github-actions"],"license":"Semgrep Rules License v1.0. For more details, visit semgrep.dev/legal/rules-license","vulnerability_class":["Code Injection"],"source":"https://semgrep.dev/r/yaml.github-actions.security.workflow-run-target-code-checkout.workflow-run-target-code-checkout","shortlink":"https://sg.run/A0p6"},"severity":"WARNING","fingerprint":"requires login","lines":"requires login","validation_state":"NO_VALIDATOR","engine_kind":"OSS"}},{"check_id":"javascript.express.security.x-frame-options-misconfiguration.x-frame-options-misconfiguration","path":"backend/src/index.ts","start":{"line":77,"col":3,"offset":2723},"end":{"line":77,"col":41,"offset":2761},"extra":{"message":"By letting user input control `X-Frame-Options` header, there is a risk that software does not properly verify whether or not a browser should be allowed to render a page in an `iframe`.","metadata":{"references":["https://developer.mozilla.org/en-US/docs/Web/HTTP/Headers/X-Frame-Options"],"owasp":["A04:2021 - Insecure Design","A06:2025 - Insecure Design"],"cwe":["CWE-451: User Interface (UI) Misrepresentation of Critical Information"],"category":"security","technology":["express"],"subcategory":["vuln"],"likelihood":"MEDIUM","impact":"MEDIUM","confidence":"MEDIUM","license":"Semgrep Rules License v1.0. For more details, visit semgrep.dev/legal/rules-license","vulnerability_class":["Other"],"source":"https://semgrep.dev/r/javascript.express.security.x-frame-options-misconfiguration.x-frame-options-misconfiguration","shortlink":"https://sg.run/EvjA"},"severity":"WARNING","fingerprint":"requires login","lines":"requires login","validation_state":"NO_VALIDATOR","engine_kind":"OSS"}},{"check_id":"javascript.lang.security.audit.path-traversal.path-join-resolve-traversal.path-join-resolve-traversal","path":"backend/src/index.ts","start":{"line":109,"col":40,"offset":4393},"end":{"line":109,"col":44,"offset":4397},"extra":{"message":"Detected possible user input going into a `path.join` or `path.resolve` function. This could possibly lead to a path traversal vulnerability,  where the attacker can access arbitrary files stored in the file system. Instead, be sure to sanitize or validate user input first.","metadata":{"owasp":["A05:2017 - Broken Access Control","A01:2021 - Broken Access Control","A01:2025 - Broken Access Control"],"cwe":["CWE-22: Improper Limitation of a Pathname to a Restricted Directory ('Path Traversal')"],"category":"security","references":["https://owasp.org/www-community/attacks/Path_Traversal"],"technology":["javascript","node.js"],"cwe2022-top25":true,"cwe2021-top25":true,"subcategory":["vuln"],"likelihood":"HIGH","impact":"MEDIUM","confidence":"LOW","license":"Semgrep Rules License v1.0. For more details, visit semgrep.dev/legal/rules-license","vulnerability_class":["Path Traversal"],"source":"https://semgrep.dev/r/javascript.lang.security.audit.path-traversal.path-join-resolve-traversal.path-join-resolve-traversal","shortlink":"https://sg.run/OPqk"},"severity":"WARNING","fingerprint":"requires login","lines":"requires login","validation_state":"NO_VALIDATOR","engine_kind":"OSS"}},{"check_id":"javascript.lang.security.audit.path-traversal.path-join-resolve-traversal.path-join-resolve-traversal","path":"backend/src/index.ts","start":{"line":141,"col":34,"offset":5335},"end":{"line":141,"col":38,"offset":5339},"extra":{"message":"Detected possible user input going into a `path.join` or `path.resolve` function. This could possibly lead to a path traversal vulnerability,  where the attacker can access arbitrary files stored in the file system. Instead, be sure to sanitize or validate user input first.","metadata":{"owasp":["A05:2017 - Broken Access Control","A01:2021 - Broken Access Control","A01:2025 - Broken Access Control"],"cwe":["CWE-22: Improper Limitation of a Pathname to a Restricted Directory ('Path Traversal')"],"category":"security","references":["https://owasp.org/www-community/attacks/Path_Traversal"],"technology":["javascript","node.js"],"cwe2022-top25":true,"cwe2021-top25":true,"subcategory":["vuln"],"likelihood":"HIGH","impact":"MEDIUM","confidence":"LOW","license":"Semgrep Rules License v1.0. For more details, visit semgrep.dev/legal/rules-license","vulnerability_class":["Path Traversal"],"source":"https://semgrep.dev/r/javascript.lang.security.audit.path-traversal.path-join-resolve-traversal.path-join-resolve-traversal","shortlink":"https://sg.run/OPqk"},"severity":"WARNING","fingerprint":"requires login","lines":"requires login","validation_state":"NO_VALIDATOR","engine_kind":"OSS"}},{"check_id":"javascript.lang.security.audit.unsafe-formatstring.unsafe-formatstring","path":"backend/src/services/locker-service.ts","start":{"line":356,"col":21,"offset":9534},"end":{"line":356,"col":69,"offset":9582},"extra":{"message":"Detected string concatenation with a non-literal variable in a util.format / console.log function. If an attacker injects a format specifier in the string, it will forge the log message. Try to use constant values for the format string.","metadata":{"cwe":["CWE-134: Use of Externally-Controlled Format String"],"owasp":["A01:2021 - Broken Access Control","A01:2025 - Broken Access Control"],"category":"security","technology":["javascript"],"subcategory":["audit"],"likelihood":"MEDIUM","impact":"LOW","confidence":"LOW","references":["https://cwe.mitre.org/data/definitions/134.html"],"license":"Semgrep Rules License v1.0. For more details, visit semgrep.dev/legal/rules-license","vulnerability_class":["Improper Validation"],"source":"https://semgrep.dev/r/javascript.lang.security.audit.unsafe-formatstring.unsafe-formatstring","shortlink":"https://sg.run/7Y5R"},"severity":"INFO","fingerprint":"requires login","lines":"requires login","validation_state":"NO_VALIDATOR","engine_kind":"OSS"}},{"check_id":"javascript.lang.security.audit.detect-non-literal-regexp.detect-non-literal-regexp","path":"backend/src/utils/router.ts","start":{"line":32,"col":21,"offset":750},"end":{"line":32,"col":50,"offset":779},"extra":{"message":"RegExp() called with a `path` function argument, this might allow an attacker to cause a Regular Expression Denial-of-Service (ReDoS) within your application as RegExP blocks the main thread. For this reason, it is recommended to use hardcoded regexes instead. If your regex is run on user-controlled input, consider performing input validation or use a regex checking/sanitization library such as https://www.npmjs.com/package/recheck to verify that the regex does not appear vulnerable to ReDoS.","metadata":{"owasp":["A05:2021 - Security Misconfiguration","A06:2017 - Security Misconfiguration","A02:2025 - Security Misconfiguration"],"cwe":["CWE-1333: Inefficient Regular Expression Complexity"],"references":["https://owasp.org/www-community/attacks/Regular_expression_Denial_of_Service_-_ReDoS"],"source-rule-url":"https://github.com/nodesecurity/eslint-plugin-security/blob/master/rules/detect-non-literal-regexp.js","category":"security","technology":["javascript"],"subcategory":["vuln"],"likelihood":"MEDIUM","impact":"MEDIUM","confidence":"LOW","license":"Semgrep Rules License v1.0. For more details, visit semgrep.dev/legal/rules-license","vulnerability_class":["Denial-of-Service (DoS)"],"source":"https://semgrep.dev/r/javascript.lang.security.audit.detect-non-literal-regexp.detect-non-literal-regexp","shortlink":"https://sg.run/gr65"},"severity":"WARNING","fingerprint":"requires login","lines":"requires login","validation_state":"NO_VALIDATOR","engine_kind":"OSS"}},{"check_id":"generic.nginx.security.header-redefinition.header-redefinition","path":"deploy/nginx.conf","start":{"line":49,"col":9,"offset":1542},"end":{"line":49,"col":61,"offset":1594},"extra":{"message":"The 'add_header' directive is called in a 'location' block after headers have been set at the server block. Calling 'add_header' in the location block will actually overwrite the headers defined in the server block, no matter which headers are set. To fix this, explicitly set all headers or set all headers in the server block.","metadata":{"cwe":["CWE-16: CWE CATEGORY: Configuration"],"references":["https://github.com/yandex/gixy/blob/master/docs/en/plugins/addheaderredefinition.md"],"category":"security","technology":["nginx"],"confidence":"LOW","owasp":["A06:2017 - Security Misconfiguration","A05:2021 - Security Misconfiguration","A02:2025 - Security Misconfiguration"],"subcategory":["audit"],"likelihood":"LOW","impact":"LOW","license":"Semgrep Rules License v1.0. For more details, visit semgrep.dev/legal/rules-license","vulnerability_class":["Other"],"source":"https://semgrep.dev/r/generic.nginx.security.header-redefinition.header-redefinition","shortlink":"https://sg.run/Lwl7"},"severity":"WARNING","fingerprint":"requires login","lines":"requires login","validation_state":"NO_VALIDATOR","engine_kind":"OSS"}},{"check_id":"generic.nginx.security.header-redefinition.header-redefinition","path":"deploy/nginx.conf","start":{"line":50,"col":9,"offset":1603},"end":{"line":50,"col":60,"offset":1654},"extra":{"message":"The 'add_header' directive is called in a 'location' block after headers have been set at the server block. Calling 'add_header' in the location block will actually overwrite the headers defined in the server block, no matter which headers are set. To fix this, explicitly set all headers or set all headers in the server block.","metadata":{"cwe":["CWE-16: CWE CATEGORY: Configuration"],"references":["https://github.com/yandex/gixy/blob/master/docs/en/plugins/addheaderredefinition.md"],"category":"security","technology":["nginx"],"confidence":"LOW","owasp":["A06:2017 - Security Misconfiguration","A05:2021 - Security Misconfiguration","A02:2025 - Security Misconfiguration"],"subcategory":["audit"],"likelihood":"LOW","impact":"LOW","license":"Semgrep Rules License v1.0. For more details, visit semgrep.dev/legal/rules-license","vulnerability_class":["Other"],"source":"https://semgrep.dev/r/generic.nginx.security.header-redefinition.header-redefinition","shortlink":"https://sg.run/Lwl7"},"severity":"WARNING","fingerprint":"requires login","lines":"requires login","validation_state":"NO_VALIDATOR","engine_kind":"OSS"}},{"check_id":"generic.nginx.security.possible-h2c-smuggling.possible-nginx-h2c-smuggling","path":"deploy/nginx.conf","start":{"line":93,"col":9,"offset":2929},"end":{"line":95,"col":47,"offset":3047},"extra":{"message":"Conditions for Nginx H2C smuggling identified. H2C smuggling allows upgrading HTTP/1.1 connections to lesser-known HTTP/2 over cleartext (h2c) connections which can allow a bypass of reverse proxy access controls, and lead to long-lived, unrestricted HTTP traffic directly to back-end servers. To mitigate: WebSocket support required: Allow only the value websocket for HTTP/1.1 upgrade headers (e.g., Upgrade: websocket). WebSocket support not required: Do not forward Upgrade headers.","metadata":{"cwe":["CWE-444: Inconsistent Interpretation of HTTP Requests ('HTTP Request/Response Smuggling')"],"references":["https://labs.bishopfox.com/tech-blog/h2c-smuggling-request-smuggling-via-http/2-cleartext-h2c"],"category":"security","technology":["nginx"],"confidence":"MEDIUM","owasp":["A04:2021 - Insecure Design","A06:2025 - Insecure Design"],"subcategory":["audit"],"likelihood":"LOW","impact":"LOW","license":"Semgrep Rules License v1.0. For more details, visit semgrep.dev/legal/rules-license","vulnerability_class":["Improper Validation"],"source":"https://semgrep.dev/r/generic.nginx.security.possible-h2c-smuggling.possible-nginx-h2c-smuggling","shortlink":"https://sg.run/ploZ"},"severity":"WARNING","fingerprint":"requires login","lines":"requires login","validation_state":"NO_VALIDATOR","engine_kind":"OSS"}},{"check_id":"python.flask.security.audit.app-run-param-config.avoid_app_run_with_bad_host","path":"recommendation-engine/app.py","start":{"line":552,"col":5,"offset":21777},"end":{"line":552,"col":52,"offset":21824},"extra":{"message":"Running flask app with host 0.0.0.0 could expose the server publicly.","metadata":{"cwe":["CWE-668: Exposure of Resource to Wrong Sphere"],"owasp":["A01:2021 - Broken Access Control","A01:2025 - Broken Access Control"],"category":"security","technology":["flask"],"references":["https://owasp.org/Top10/A01_2021-Broken_Access_Control"],"subcategory":["vuln"],"likelihood":"HIGH","impact":"MEDIUM","confidence":"HIGH","license":"Semgrep Rules License v1.0. For more details, visit semgrep.dev/legal/rules-license","vulnerability_class":["Other"],"source":"https://semgrep.dev/r/python.flask.security.audit.app-run-param-config.avoid_app_run_with_bad_host","shortlink":"https://sg.run/eLby"},"severity":"WARNING","fingerprint":"requires login","lines":"requires login","validation_state":"NO_VALIDATOR","engine_kind":"OSS"}},{"check_id":"python.flask.security.audit.hardcoded-config.avoid_hardcoded_config_TESTING","path":"recommendation-engine/test_app.py","start":{"line":30,"col":5,"offset":658},"end":{"line":30,"col":33,"offset":686},"extra":{"message":"Hardcoded variable `TESTING` detected. Use environment variables or config files instead","metadata":{"likelihood":"LOW","impact":"LOW","confidence":"LOW","category":"security","cwe":["CWE-489: Active Debug Code"],"owasp":["A05:2021 - Security Misconfiguration","A02:2025 - Security Misconfiguration"],"references":["https://bento.dev/checks/flask/avoid-hardcoded-config/","https://flask.palletsprojects.com/en/1.1.x/config/?highlight=configuration#builtin-configuration-values","https://flask.palletsprojects.com/en/1.1.x/config/?highlight=configuration#environment-and-debug-features"],"subcategory":["audit"],"technology":["flask"],"license":"Semgrep Rules License v1.0. For more details, visit semgrep.dev/legal/rules-license","vulnerability_class":["Active Debug Code"],"source":"https://semgrep.dev/r/python.flask.security.audit.hardcoded-config.avoid_hardcoded_config_TESTING","shortlink":"https://sg.run/ndZ2"},"severity":"WARNING","fingerprint":"requires login","lines":"requires login","validation_state":"NO_VALIDATOR","engine_kind":"OSS"}}],"errors":[{"code":3,"level":"warn","type":["PartialParsing",[{"path":".github/workflows/cd.yml","start":{"line":33,"col":25,"offset":873},"end":{"line":33,"col":64,"offset":912}}]],"message":"Syntax error at line .github/workflows/cd.yml:33:\n When parsing a snippet as Bash for metavariable-pattern in rule 'yaml.github-actions.security.curl-eval.curl-eval', `{ github.event.workflow_run.head_branch` was unexpected","path":".github/workflows/cd.yml","spans":[{"file":".github/workflows/cd.yml","start":{"line":33,"col":25,"offset":873},"end":{"line":33,"col":64,"offset":912}}]},{"code":3,"level":"warn","type":["PartialParsing",[{"path":".github/workflows/cd.yml","start":{"line":87,"col":22,"offset":2752},"end":{"line":87,"col":58,"offset":2788}},{"path":".github/workflows/cd.yml","start":{"line":88,"col":11,"offset":2752},"end":{"line":88,"col":50,"offset":2791}},{"path":".github/workflows/cd.yml","start":{"line":90,"col":20,"offset":2752},"end":{"line":90,"col":35,"offset":2767}},{"path":".github/workflows/cd.yml","start":{"line":90,"col":48,"offset":2752},"end":{"line":90,"col":63,"offset":2767}},{"path":".github/workflows/cd.yml","start":{"line":91,"col":20,"offset":2752},"end":{"line":91,"col":35,"offset":2767}},{"path":".github/workflows/cd.yml","start":{"line":91,"col":48,"offset":2752},"end":{"line":91,"col":63,"offset":2767}},{"path":".github/workflows/cd.yml","start":{"line":93,"col":20,"offset":2752},"end":{"line":93,"col":35,"offset":2767}},{"path":".github/workflows/cd.yml","start":{"line":93,"col":48,"offset":2752},"end":{"line":93,"col":63,"offset":2767}},{"path":".github/workflows/cd.yml","start":{"line":94,"col":20,"offset":2752},"end":{"line":94,"col":35,"offset":2767}},{"path":".github/workflows/cd.yml","start":{"line":94,"col":48,"offset":2752},"end":{"line":94,"col":63,"offset":2767}}]],"message":"Syntax error at line .github/workflows/cd.yml:87:\n When parsing a snippet as Bash for metavariable-pattern in rule 'yaml.github-actions.security.curl-eval.curl-eval', `{ github.event.workflow_run.head_sha` was unexpected","path":".github/workflows/cd.yml","spans":[{"file":".github/workflows/cd.yml","start":{"line":87,"col":22,"offset":2752},"end":{"line":87,"col":58,"offset":2788}},{"file":".github/workflows/cd.yml","start":{"line":88,"col":11,"offset":2752},"end":{"line":88,"col":50,"offset":2791}},{"file":".github/workflows/cd.yml","start":{"line":90,"col":20,"offset":2752},"end":{"line":90,"col":35,"offset":2767}},{"file":".github/workflows/cd.yml","start":{"line":90,"col":48,"offset":2752},"end":{"line":90,"col":63,"offset":2767}},{"file":".github/workflows/cd.yml","start":{"line":91,"col":20,"offset":2752},"end":{"line":91,"col":35,"offset":2767}},{"file":".github/workflows/cd.yml","start":{"line":91,"col":48,"offset":2752},"end":{"line":91,"col":63,"offset":2767}},{"file":".github/workflows/cd.yml","start":{"line":93,"col":20,"offset":2752},"end":{"line":93,"col":35,"offset":2767}},{"file":".github/workflows/cd.yml","start":{"line":93,"col":48,"offset":2752},"end":{"line":93,"col":63,"offset":2767}},{"file":".github/workflows/cd.yml","start":{"line":94,"col":20,"offset":2752},"end":{"line":94,"col":35,"offset":2767}},{"file":".github/workflows/cd.yml","start":{"line":94,"col":48,"offset":2752},"end":{"line":94,"col":63,"offset":2767}}]},{"code":3,"level":"warn","type":["PartialParsing",[{"path":".github/workflows/cd.yml","start":{"line":143,"col":47,"offset":4766},"end":{"line":143,"col":50,"offset":4769}}]],"message":"Syntax error at line .github/workflows/cd.yml:143:\n When parsing a snippet as Bash for metavariable-pattern in rule 'yaml.github-actions.security.curl-eval.curl-eval', `${{` was unexpected","path":".github/workflows/cd.yml","spans":[{"file":".github/workflows/cd.yml","start":{"line":143,"col":47,"offset":4766},"end":{"line":143,"col":50,"offset":4769}}]},{"code":3,"level":"warn","type":["PartialParsing",[{"path":".github/workflows/cd.yml","start":{"line":196,"col":47,"offset":6411},"end":{"line":196,"col":50,"offset":6414}}]],"message":"Syntax error at line .github/workflows/cd.yml:196:\n When parsing a snippet as Bash for metavariable-pattern in rule 'yaml.github-actions.security.curl-eval.curl-eval', `${{` was unexpected","path":".github/workflows/cd.yml","spans":[{"file":".github/workflows/cd.yml","start":{"line":196,"col":47,"offset":6411},"end":{"line":196,"col":50,"offset":6414}}]},{"code":3,"level":"warn","type":["PartialParsing",[{"path":".github/workflows/cd.yml","start":{"line":256,"col":41,"offset":8389},"end":{"line":256,"col":44,"offset":8392}}]],"message":"Syntax error at line .github/workflows/cd.yml:256:\n When parsing a snippet as Bash for metavariable-pattern in rule 'yaml.github-actions.security.curl-eval.curl-eval', `${{` was unexpected","path":".github/workflows/cd.yml","spans":[{"file":".github/workflows/cd.yml","start":{"line":256,"col":41,"offset":8389},"end":{"line":256,"col":44,"offset":8392}}]},{"code":3,"level":"warn","type":["PartialParsing",[{"path":".github/workflows/cd.yml","start":{"line":262,"col":41,"offset":8632},"end":{"line":262,"col":44,"offset":8635}}]],"message":"Syntax error at line .github/workflows/cd.yml:262:\n When parsing a snippet as Bash for metavariable-pattern in rule 'yaml.github-actions.security.curl-eval.curl-eval', `${{` was unexpected","path":".github/workflows/cd.yml","spans":[{"file":".github/workflows/cd.yml","start":{"line":262,"col":41,"offset":8632},"end":{"line":262,"col":44,"offset":8635}}]},{"code":3,"level":"warn","type":["PartialParsing",[{"path":".github/workflows/cd.yml","start":{"line":292,"col":25,"offset":9516},"end":{"line":292,"col":54,"offset":9545}},{"path":".github/workflows/cd.yml","start":{"line":293,"col":25,"offset":9516},"end":{"line":293,"col":54,"offset":9545}},{"path":".github/workflows/cd.yml","start":{"line":295,"col":9,"offset":9516},"end":{"line":295,"col":38,"offset":9545}},{"path":".github/workflows/cd.yml","start":{"line":296,"col":9,"offset":9516},"end":{"line":296,"col":38,"offset":9545}}]],"message":"Syntax error at line .github/workflows/cd.yml:292:\n When parsing a snippet as Bash for metavariable-pattern in rule 'yaml.github-actions.security.curl-eval.curl-eval', `{ needs.scan-app-image.result` was unexpected","path":".github/workflows/cd.yml","spans":[{"file":".github/workflows/cd.yml","start":{"line":292,"col":25,"offset":9516},"end":{"line":292,"col":54,"offset":9545}},{"file":".github/workflows/cd.yml","start":{"line":293,"col":25,"offset":9516},"end":{"line":293,"col":54,"offset":9545}},{"file":".github/workflows/cd.yml","start":{"line":295,"col":9,"offset":9516},"end":{"line":295,"col":38,"offset":9545}},{"file":".github/workflows/cd.yml","start":{"line":296,"col":9,"offset":9516},"end":{"line":296,"col":38,"offset":9545}}]},{"code":3,"level":"warn","type":["PartialParsing",[{"path":".github/workflows/cd.yml","start":{"line":397,"col":16,"offset":13512},"end":{"line":397,"col":38,"offset":13534}},{"path":".github/workflows/cd.yml","start":{"line":400,"col":16,"offset":13512},"end":{"line":400,"col":34,"offset":13530}}]],"message":"Syntax error at line .github/workflows/cd.yml:397:\n When parsing a snippet as Bash for metavariable-pattern in rule 'yaml.github-actions.security.curl-eval.curl-eval', `{ secrets.EC2_DEV_HOST` was unexpected","path":".github/workflows/cd.yml","spans":[{"file":".github/workflows/cd.yml","start":{"line":397,"col":16,"offset":13512},"end":{"line":397,"col":38,"offset":13534}},{"file":".github/workflows/cd.yml","start":{"line":400,"col":16,"offset":13512},"end":{"line":400,"col":34,"offset":13530}}]},{"code":3,"level":"warn","type":["PartialParsing",[{"path":".github/workflows/cd.yml","start":{"line":406,"col":31,"offset":13913},"end":{"line":406,"col":57,"offset":13939}},{"path":".github/workflows/cd.yml","start":{"line":406,"col":64,"offset":13913},"end":{"line":406,"col":91,"offset":13940}},{"path":".github/workflows/cd.yml","start":{"line":410,"col":22,"offset":13913},"end":{"line":410,"col":25,"offset":13916}}]],"message":"Syntax error at line .github/workflows/cd.yml:406:\n When parsing a snippet as Bash for metavariable-pattern in rule 'yaml.github-actions.security.curl-eval.curl-eval', `{ steps.target.outputs.env` was unexpected","path":".github/workflows/cd.yml","spans":[{"file":".github/workflows/cd.yml","start":{"line":406,"col":31,"offset":13913},"end":{"line":406,"col":57,"offset":13939}},{"file":".github/workflows/cd.yml","start":{"line":406,"col":64,"offset":13913},"end":{"line":406,"col":91,"offset":13940}},{"file":".github/workflows/cd.yml","start":{"line":410,"col":22,"offset":13913},"end":{"line":410,"col":25,"offset":13916}}]},{"code":3,"level":"warn","type":["PartialParsing",[{"path":".github/workflows/cd.yml","start":{"line":449,"col":16,"offset":15272},"end":{"line":449,"col":38,"offset":15294}},{"path":".github/workflows/cd.yml","start":{"line":452,"col":16,"offset":15272},"end":{"line":452,"col":34,"offset":15290}}]],"message":"Syntax error at line .github/workflows/cd.yml:449:\n When parsing a snippet as Bash for metavariable-pattern in rule 'yaml.github-actions.security.curl-eval.curl-eval', `{ secrets.EC2_DEV_HOST` was unexpected","path":".github/workflows/cd.yml","spans":[{"file":".github/workflows/cd.yml","start":{"line":449,"col":16,"offset":15272},"end":{"line":449,"col":38,"offset":15294}},{"file":".github/workflows/cd.yml","start":{"line":452,"col":16,"offset":15272},"end":{"line":452,"col":34,"offset":15290}}]},{"code":3,"level":"warn","type":["PartialParsing",[{"path":".github/workflows/cd.yml","start":{"line":459,"col":17,"offset":15660},"end":{"line":459,"col":20,"offset":15663}}]],"message":"Syntax error at line .github/workflows/cd.yml:459:\n When parsing a snippet as Bash for metavariable-pattern in rule 'yaml.github-actions.security.curl-eval.curl-eval', `${{` was unexpected","path":".github/workflows/cd.yml","spans":[{"file":".github/workflows/cd.yml","start":{"line":459,"col":17,"offset":15660},"end":{"line":459,"col":20,"offset":15663}}]},{"code":3,"level":"warn","type":["PartialParsing",[{"path":".github/workflows/cd.yml","start":{"line":497,"col":25,"offset":16777},"end":{"line":497,"col":64,"offset":16816}},{"path":".github/workflows/cd.yml","start":{"line":508,"col":25,"offset":16777},"end":{"line":508,"col":48,"offset":16800}},{"path":".github/workflows/cd.yml","start":{"line":509,"col":25,"offset":16777},"end":{"line":509,"col":48,"offset":16800}}]],"message":"Syntax error at line .github/workflows/cd.yml:497:\n When parsing a snippet as Bash for metavariable-pattern in rule 'yaml.github-actions.security.curl-eval.curl-eval', `{ github.event.workflow_run.head_branch` was unexpected","path":".github/workflows/cd.yml","spans":[{"file":".github/workflows/cd.yml","start":{"line":497,"col":25,"offset":16777},"end":{"line":497,"col":64,"offset":16816}},{"file":".github/workflows/cd.yml","start":{"line":508,"col":25,"offset":16777},"end":{"line":508,"col":48,"offset":16800}},{"file":".github/workflows/cd.yml","start":{"line":509,"col":25,"offset":16777},"end":{"line":509,"col":48,"offset":16800}}]},{"code":3,"level":"warn","type":["PartialParsing",[{"path":".github/workflows/ci.yml","start":{"line":358,"col":23,"offset":10420},"end":{"line":358,"col":45,"offset":10442}},{"path":".github/workflows/ci.yml","start":{"line":359,"col":22,"offset":10420},"end":{"line":359,"col":48,"offset":10446}},{"path":".github/workflows/ci.yml","start":{"line":360,"col":22,"offset":10420},"end":{"line":360,"col":48,"offset":10446}},{"path":".github/workflows/ci.yml","start":{"line":361,"col":21,"offset":10420},"end":{"line":361,"col":47,"offset":10446}},{"path":".github/workflows/ci.yml","start":{"line":362,"col":17,"offset":10420},"end":{"line":362,"col":39,"offset":10442}},{"path":".github/workflows/ci.yml","start":{"line":363,"col":19,"offset":10420},"end":{"line":363,"col":42,"offset":10443}}]],"message":"Syntax error at line .github/workflows/ci.yml:358:\n When parsing a snippet as Bash for metavariable-pattern in rule 'yaml.github-actions.security.curl-eval.curl-eval', `{ needs.semgrep.result` was unexpected","path":".github/workflows/ci.yml","spans":[{"file":".github/workflows/ci.yml","start":{"line":358,"col":23,"offset":10420},"end":{"line":358,"col":45,"offset":10442}},{"file":".github/workflows/ci.yml","start":{"line":359,"col":22,"offset":10420},"end":{"line":359,"col":48,"offset":10446}},{"file":".github/workflows/ci.yml","start":{"line":360,"col":22,"offset":10420},"end":{"line":360,"col":48,"offset":10446}},{"file":".github/workflows/ci.yml","start":{"line":361,"col":21,"offset":10420},"end":{"line":361,"col":47,"offset":10446}},{"file":".github/workflows/ci.yml","start":{"line":362,"col":17,"offset":10420},"end":{"line":362,"col":39,"offset":10442}},{"file":".github/workflows/ci.yml","start":{"line":363,"col":19,"offset":10420},"end":{"line":363,"col":42,"offset":10443}}]},{"code":3,"level":"warn","type":["PartialParsing",[{"path":".github/workflows/security-fix.yml","start":{"line":92,"col":38,"offset":2421},"end":{"line":92,"col":56,"offset":2439}}]],"message":"Syntax error at line .github/workflows/security-fix.yml:92:\n When parsing a snippet as Bash for metavariable-pattern in rule 'yaml.github-actions.security.curl-eval.curl-eval', `{ matrix.directory` was unexpected","path":".github/workflows/security-fix.yml","spans":[{"file":".github/workflows/security-fix.yml","start":{"line":92,"col":38,"offset":2421},"end":{"line":92,"col":56,"offset":2439}}]},{"code":3,"level":"warn","type":["PartialParsing",[{"path":".github/workflows/security-report.yml","start":{"line":53,"col":18,"offset":1165},"end":{"line":53,"col":76,"offset":1223}},{"path":".github/workflows/security-report.yml","start":{"line":54,"col":18,"offset":1165},"end":{"line":54,"col":68,"offset":1215}}]],"message":"Syntax error at line .github/workflows/security-report.yml:53:\n When parsing a snippet as Bash for metavariable-pattern in rule 'yaml.github-actions.security.curl-eval.curl-eval', `{ github.event.workflow_run.head_branch || github.ref_name` was unexpected","path":".github/workflows/security-report.yml","spans":[{"file":".github/workflows/security-report.yml","start":{"line":53,"col":18,"offset":1165},"end":{"line":53,"col":76,"offset":1223}},{"file":".github/workflows/security-report.yml","start":{"line":54,"col":18,"offset":1165},"end":{"line":54,"col":68,"offset":1215}}]},{"code":3,"level":"warn","type":["PartialParsing",[{"path":".github/workflows/security-report.yml","start":{"line":214,"col":15,"offset":6816},"end":{"line":214,"col":42,"offset":6843}},{"path":".github/workflows/security-report.yml","start":{"line":215,"col":13,"offset":6816},"end":{"line":215,"col":32,"offset":6835}}]],"message":"Syntax error at line .github/workflows/security-report.yml:214:\n When parsing a snippet as Bash for metavariable-pattern in rule 'yaml.github-actions.security.curl-eval.curl-eval', `{ steps.meta.outputs.commit` was unexpected","path":".github/workflows/security-report.yml","spans":[{"file":".github/workflows/security-report.yml","start":{"line":214,"col":15,"offset":6816},"end":{"line":214,"col":42,"offset":6843}},{"file":".github/workflows/security-report.yml","start":{"line":215,"col":13,"offset":6816},"end":{"line":215,"col":32,"offset":6835}}]}],"paths":{"scanned":[".dockerignore",".github/dependabot.yml",".github/scripts/generate-security-report.py",".github/workflows/cd.yml",".github/workflows/ci.yml",".github/workflows/security-fix.yml",".github/workflows/security-remediation-report.yml",".github/workflows/security-report.yml",".gitignore",".gitleaks.toml",".pre-commit-config.yaml",".trufflehog.yaml","DEVSECOPS-ARCHITECTURE.md","DEVSECOPS-DEMO-GUIDE.md","Dockerfile","README.md","backend/drizzle.config.ts","backend/package.json","backend/public/index.html","backend/public/vite.svg","backend/src/db/add-messages-table.ts","backend/src/db/connection.ts","backend/src/db/migrate.ts","backend/src/db/migrations/0000_cool_sandman.sql","backend/src/db/migrations/0001_add_rewards_tables.sql","backend/src/db/migrations/0002_add_unit_to_metrics.sql","backend/src/db/migrations/meta/0000_snapshot.json","backend/src/db/migrations/meta/_journal.json","backend/src/db/schema.ts","backend/src/db/seed.ts","backend/src/index.ts","backend/src/jobs/locker-jobs.ts","backend/src/middleware/auth.ts","backend/src/routes/__tests__/auth.test.ts","backend/src/routes/__tests__/consumption.test.ts","backend/src/routes/__tests__/ecolocker.test.ts","backend/src/routes/__tests__/gamification.test.ts","backend/src/routes/__tests__/myfridge.test.ts","backend/src/routes/__tests__/notifications.test.ts","backend/src/routes/auth.ts","backend/src/routes/consumption.ts","backend/src/routes/dashboard.ts","backend/src/routes/ecolocker.ts","backend/src/routes/gamification.ts","backend/src/routes/marketplace.ts","backend/src/routes/messages.ts","backend/src/routes/myfridge.ts","backend/src/routes/notifications.ts","backend/src/routes/rewards.ts","backend/src/routes/upload.ts","backend/src/services/__tests__/badge-service.test.ts","backend/src/services/__tests__/consumption-service.test.ts","backend/src/services/__tests__/dashboard-service.test.ts","backend/src/services/__tests__/gamification-service.test.ts","backend/src/services/__tests__/locker-service.test.ts","backend/src/services/__tests__/notification-service.test.ts","backend/src/services/badge-service.ts","backend/src/services/consumption-service.ts","backend/src/services/conversation-service.ts","backend/src/services/dashboard-service.ts","backend/src/services/gamification-service.ts","backend/src/services/image-upload.ts","backend/src/services/locker-service.ts","backend/src/services/notification-service.ts","backend/src/services/reward-service.ts","backend/src/utils/__tests__/co2-calculator.test.ts","backend/src/utils/co2-calculator.ts","backend/src/utils/distance.ts","backend/src/utils/file-utils.ts","backend/src/utils/router.ts","backend/tsconfig.json","bun.lock","capacitor.config.ts","deploy/Dockerfile.nginx","deploy/deploy.sh","deploy/docker-compose.nginx.yml","deploy/docker-compose.prod.yml","deploy/nginx-upstream.conf","deploy/nginx.conf","docker-compose.yml","docs/usecase/EcoLocker-PRD.md","docs/usecase/ecolocker.rtf","ecolocker/bun.lock","ecolocker/capacitor.config.ts","ecolocker/index.html","ecolocker/package.json","ecolocker/postcss.config.js","ecolocker/src/App.tsx","ecolocker/src/components/Layout.tsx","ecolocker/src/components/OfflineBanner.tsx","ecolocker/src/components/ui/badge.tsx","ecolocker/src/components/ui/button.tsx","ecolocker/src/components/ui/card.tsx","ecolocker/src/components/ui/input.tsx","ecolocker/src/contexts/AuthContext.tsx","ecolocker/src/contexts/ToastContext.tsx","ecolocker/src/index.css","ecolocker/src/lib/utils.ts","ecolocker/src/main.tsx","ecolocker/src/pages/HomePage.tsx","ecolocker/src/pages/LoginPage.tsx","ecolocker/src/pages/NotificationsPage.tsx","ecolocker/src/pages/OrderDetailPage.tsx","ecolocker/src/pages/OrdersPage.tsx","ecolocker/src/pages/PaymentPage.tsx","ecolocker/src/pages/SelectLockerPage.tsx","ecolocker/src/pages/__tests__/HomePage.test.tsx","ecolocker/src/services/api.ts","ecolocker/src/services/capacitor.ts","ecolocker/src/services/locker-api.ts","ecolocker/src/types/index.ts","ecolocker/src/utils/network.ts","ecolocker/src/vite-env.d.ts","ecolocker/tailwind.config.js","ecolocker/tsconfig.json","ecolocker/tsconfig.node.json","ecolocker/vite.config.ts","ecolocker/vitest.config.ts","entrypoint.sh","frontend/.gitignore","frontend/capacitor.config.prod.ts","frontend/capacitor.config.ts","frontend/components.json","frontend/index.html","frontend/package.json","frontend/postcss.config.js","frontend/public/vite.svg","frontend/src/App.tsx","frontend/src/components/Layout.tsx","frontend/src/components/VendingMachine/VendingCoinSlot.tsx","frontend/src/components/VendingMachine/VendingDispenser.tsx","frontend/src/components/VendingMachine/VendingDisplay.tsx","frontend/src/components/VendingMachine/VendingKeypad.tsx","frontend/src/components/VendingMachine/VendingMachine.tsx","frontend/src/components/VendingMachine/VendingMap.tsx","frontend/src/components/VendingMachine/VendingSlot.tsx","frontend/src/components/VendingMachine/index.ts","frontend/src/components/common/Co2Badge.test.tsx","frontend/src/components/common/Co2Badge.tsx","frontend/src/components/common/ImagePicker.tsx","frontend/src/components/common/LocationAutocomplete.tsx","frontend/src/components/common/NotificationBell.tsx","frontend/src/components/marketplace/ListingMapCard.test.tsx","frontend/src/components/marketplace/ListingMapCard.tsx","frontend/src/components/marketplace/ListingMarker.test.tsx","frontend/src/components/marketplace/ListingMarker.tsx","frontend/src/components/marketplace/SimilarProducts.tsx","frontend/src/components/ui/badge.tsx","frontend/src/components/ui/button.tsx","frontend/src/components/ui/card.tsx","frontend/src/components/ui/dialog.tsx","frontend/src/components/ui/input.tsx","frontend/src/components/ui/label.tsx","frontend/src/components/ui/progress.tsx","frontend/src/components/ui/skeleton.tsx","frontend/src/constants/gamification.ts","frontend/src/constants/units.ts","frontend/src/contexts/AuthContext.tsx","frontend/src/contexts/NotificationContext.tsx","frontend/src/contexts/ToastContext.tsx","frontend/src/contexts/UnreadCountContext.tsx","frontend/src/hooks/useCamera.test.ts","frontend/src/hooks/useCamera.ts","frontend/src/hooks/useGeolocation.test.ts","frontend/src/hooks/useGeolocation.ts","frontend/src/hooks/useVendingMachine.ts","frontend/src/index.css","frontend/src/lib/utils.ts","frontend/src/main.tsx","frontend/src/pages/AccountPage.tsx","frontend/src/pages/BadgesPage.tsx","frontend/src/pages/ConversationPage.tsx","frontend/src/pages/CreateListingPage.tsx","frontend/src/pages/DashboardPage.tsx","frontend/src/pages/EcoPointsPage.tsx","frontend/src/pages/EditListingPage.tsx","frontend/src/pages/ListingDetailPage.tsx","frontend/src/pages/LoginPage.tsx","frontend/src/pages/Marketplace/MarketplaceMap.test.tsx","frontend/src/pages/Marketplace/MarketplaceMap.tsx","frontend/src/pages/MarketplacePage.tsx","frontend/src/pages/MessagesPage.tsx","frontend/src/pages/MyFridgePage.test.tsx","frontend/src/pages/MyFridgePage.tsx","frontend/src/pages/MyListingsPage.tsx","frontend/src/pages/MyPurchasesPage.tsx","frontend/src/pages/MyRedemptionsPage.tsx","frontend/src/pages/NotificationsPage.tsx","frontend/src/pages/RegisterPage.tsx","frontend/src/pages/RewardsPage.tsx","frontend/src/pages/VendingMachinePage.tsx","frontend/src/services/api.ts","frontend/src/services/capacitor.ts","frontend/src/services/marketplace.ts","frontend/src/services/messages.ts","frontend/src/services/notifications.ts","frontend/src/services/upload.ts","frontend/src/types/marketplace.ts","frontend/src/utils/badgeNotification.ts","frontend/src/utils/co2Calculator.ts","frontend/src/utils/co2Utils.ts","frontend/src/utils/distance.test.ts","frontend/src/utils/distance.ts","frontend/src/vite-env.d.ts","frontend/tailwind-guide.md","frontend/tailwind.config.js","frontend/tsconfig.json","frontend/tsconfig.node.json","frontend/vite.config.ts","frontend/vitest.config.ts","package-lock.json","package.json","pyproject.toml","recommendation-engine/.dockerignore","recommendation-engine/Dockerfile","recommendation-engine/app.py","recommendation-engine/config.py","recommendation-engine/ml/__init__.py","recommendation-engine/ml/price_predictor.py","recommendation-engine/ml/product_recommender.py","recommendation-engine/models/.gitkeep","recommendation-engine/reports/.gitkeep","recommendation-engine/requirements.txt","recommendation-engine/test_app.py","recommendation-engine/test_ml.py","recommendation-engine/training/__init__.py","recommendation-engine/training/data_collector.py","recommendation-engine/training/price_trainer.py","recommendation-engine/training/recommendation_trainer.py","recommendation-engine/training/train_all.py","security/report1/before fix.zip","security/report1/security-report.html","security/report1/security-summary.md","security/report2/consolidated-security-report (3).zip","security/report2/remediation-report2.md","security/report2/security-report.html","security/report2/security-summary.md","security/report3/remediation-report3.md","security/report3/security-report.html","security/report3/security-summary.md","security/report4/consolidated-security-report (5).zip","security/report4/remediation-report4.md","security/report4/security-report.html","security/report4/security-summary.md","security/security-remediation-log.md","sonar-project.properties","testimg/receipts/1_NTUC-Receipt.jpg","testimg/receipts/images (1).jpeg","testimg/receipts/images.jpeg","testimg/receipts/n5ky3i34s1v81.jpg","testimg/receipts/ntuc-fairprice-doesnt-do-rounding-for-cashless-payments-v0-39yg8r0b63zb1.webp","testimg/receipts/ntuc-receipt-sample.webp"]},"time":{"rules":[],"rules_parse_time":1.2022240161895752,"profiling_times":{"config_time":1.7448585033416748,"core_time":9.586770534515381,"ignores_time":0.0018887519836425781,"total_time":11.339537143707275},"parsing_time":{"total_time":0.0,"per_file_time":{"mean":0.0,"std_dev":0.0},"very_slow_stats":{"time_ratio":0.0,"count_ratio":0.0},"very_slow_files":[]},"scanning_time":{"total_time":21.46022605895996,"per_file_time":{"mean":0.03009849377133236,"std_dev":0.010006142065292682},"very_slow_stats":{"time_ratio":0.0,"count_ratio":0.0},"very_slow_files":[]},"matching_time":{"total_time":0.0,"per_file_and_rule_time":{"mean":0.0,"std_dev":0.0},"very_slow_stats":{"time_ratio":0.0,"count_ratio":0.0},"very_slow_rules_on_files":[]},"tainting_time":{"total_time":0.0,"per_def_and_rule_time":{"mean":0.0,"std_dev":0.0},"very_slow_stats":{"time_ratio":0.0,"count_ratio":0.0},"very_slow_rules_on_defs":[]},"fixpoint_timeouts":[{"error_type":"Fixpoint timeout","severity":"warn","message":"Fixpoint timeout while performing taint analysis at backend/src/db/seed.ts:663:15 [rules: 1, first: javascript.lang.security.audit.unsafe-formatstring.unsafe-formatstring]","location":{"path":"backend/src/db/seed.ts","start":{"line":663,"col":16,"offset":39178},"end":{"line":663,"col":20,"offset":39182}}}],"prefiltering":{"project_level_time":0.0,"file_level_time":0.0,"rules_with_project_prefilters_ratio":0.0,"rules_with_file_prefilters_ratio":0.9790370827596031,"rules_selected_ratio":0.04921418736052419,"rules_matched_ratio":0.04921418736052419},"targets":[],"total_bytes":0,"max_memory_bytes":1510471360},"engine_requested":"OSS","skipped_rules":[],"profiling_results":[]}