{
	"@programName": "ZAP",
	"@version": "2.17.0",
	"@generated": "Sun, 8 Feb 2026 06:14:16",
	"created": "2026-02-08T06:14:16.249976728Z",
	"insights":[
		{
			"level": "Info",
			"reason": "Informational",
			"site": "http://13.212.25.234",
			"key": "insight.code.2xx",
			"description": "Percentage of responses with status code 2xx",
			"statistic": "100"
		},
		{
			"level": "Info",
			"reason": "Informational",
			"site": "http://13.212.25.234",
			"key": "insight.endpoint.ctype.application/javascript",
			"description": "Percentage of endpoints with content type application/javascript",
			"statistic": "20"
		},
		{
			"level": "Info",
			"reason": "Informational",
			"site": "http://13.212.25.234",
			"key": "insight.endpoint.ctype.image/svg+xml",
			"description": "Percentage of endpoints with content type image/svg+xml",
			"statistic": "20"
		},
		{
			"level": "Info",
			"reason": "Informational",
			"site": "http://13.212.25.234",
			"key": "insight.endpoint.ctype.text/css",
			"description": "Percentage of endpoints with content type text/css",
			"statistic": "20"
		},
		{
			"level": "Info",
			"reason": "Informational",
			"site": "http://13.212.25.234",
			"key": "insight.endpoint.ctype.text/html",
			"description": "Percentage of endpoints with content type text/html",
			"statistic": "40"
		},
		{
			"level": "Info",
			"reason": "Informational",
			"site": "http://13.212.25.234",
			"key": "insight.endpoint.method.GET",
			"description": "Percentage of endpoints with method GET",
			"statistic": "100"
		},
		{
			"level": "Info",
			"reason": "Informational",
			"site": "http://13.212.25.234",
			"key": "insight.endpoint.total",
			"description": "Count of total endpoints",
			"statistic": "5"
		},
		{
			"level": "Info",
			"reason": "Informational",
			"site": "http://13.212.25.234",
			"key": "insight.response.slow",
			"description": "Percentage of slow responses",
			"statistic": "100"
		}
	],
	"site":[ 
		{
			"@name": "http://13.212.25.234",
			"@host": "13.212.25.234",
			"@port": "80",
			"@ssl": "false",
			"alerts": [ 
				{
					"pluginid": "10055",
					"alertRef": "10055-5",
					"alert": "CSP: script-src unsafe-inline",
					"name": "CSP: script-src unsafe-inline",
					"riskcode": "2",
					"confidence": "3",
					"riskdesc": "Medium (High)",
					"desc": "<p>Content Security Policy (CSP) is an added layer of security that helps to detect and mitigate certain types of attacks. Including (but not limited to) Cross Site Scripting (XSS), and data injection attacks. These attacks are used for everything from data theft to site defacement or distribution of malware. CSP provides a set of standard HTTP headers that allow website owners to declare approved sources of content that browsers should be allowed to load on that page \u2014 covered types are JavaScript, CSS, HTML frames, fonts, images and embeddable objects such as Java applets, ActiveX, audio and video files.</p>",
					"instances":[ 
						{
							"id": "3",
							"uri": "http://13.212.25.234",
							"nodeName": "http:\/\/13.212.25.234",
							"method": "GET",
							"param": "Content-Security-Policy",
							"attack": "",
							"evidence": "default-src 'self'; script-src 'self' 'unsafe-inline' https://maps.googleapis.com; style-src 'self' 'unsafe-inline' https://fonts.googleapis.com; img-src 'self' data: blob: https://maps.googleapis.com https://maps.gstatic.com; connect-src 'self' https://maps.googleapis.com; font-src 'self' https://fonts.gstatic.com; form-action 'self'; base-uri 'self'; object-src 'none'; worker-src 'self'; manifest-src 'self'; frame-ancestors 'none'",
							"otherinfo": "script-src includes unsafe-inline."
						}
					],
					"count": "1",
					"systemic": true,
					"solution": "<p>Ensure that your web server, application server, load balancer, etc. is properly configured to set the Content-Security-Policy header.</p>",
					"otherinfo": "<p>script-src includes unsafe-inline.</p>",
					"reference": "<p>https://www.w3.org/TR/CSP/</p><p>https://caniuse.com/#search=content+security+policy</p><p>https://content-security-policy.com/</p><p>https://github.com/HtmlUnit/htmlunit-csp</p><p>https://web.dev/articles/csp#resource-options</p>",
					"cweid": "693",
					"wascid": "15",
					"sourceid": "1"
				},
				{
					"pluginid": "10055",
					"alertRef": "10055-6",
					"alert": "CSP: style-src unsafe-inline",
					"name": "CSP: style-src unsafe-inline",
					"riskcode": "2",
					"confidence": "3",
					"riskdesc": "Medium (High)",
					"desc": "<p>Content Security Policy (CSP) is an added layer of security that helps to detect and mitigate certain types of attacks. Including (but not limited to) Cross Site Scripting (XSS), and data injection attacks. These attacks are used for everything from data theft to site defacement or distribution of malware. CSP provides a set of standard HTTP headers that allow website owners to declare approved sources of content that browsers should be allowed to load on that page \u2014 covered types are JavaScript, CSS, HTML frames, fonts, images and embeddable objects such as Java applets, ActiveX, audio and video files.</p>",
					"instances":[ 
						{
							"id": "5",
							"uri": "http://13.212.25.234",
							"nodeName": "http:\/\/13.212.25.234",
							"method": "GET",
							"param": "Content-Security-Policy",
							"attack": "",
							"evidence": "default-src 'self'; script-src 'self' 'unsafe-inline' https://maps.googleapis.com; style-src 'self' 'unsafe-inline' https://fonts.googleapis.com; img-src 'self' data: blob: https://maps.googleapis.com https://maps.gstatic.com; connect-src 'self' https://maps.googleapis.com; font-src 'self' https://fonts.gstatic.com; form-action 'self'; base-uri 'self'; object-src 'none'; worker-src 'self'; manifest-src 'self'; frame-ancestors 'none'",
							"otherinfo": "style-src includes unsafe-inline."
						},
						{
							"id": "6",
							"uri": "http://13.212.25.234/robots.txt",
							"nodeName": "http:\/\/13.212.25.234\/robots.txt",
							"method": "GET",
							"param": "Content-Security-Policy",
							"attack": "",
							"evidence": "default-src 'self'; script-src 'self' 'unsafe-inline' https://maps.googleapis.com; style-src 'self' 'unsafe-inline' https://fonts.googleapis.com; img-src 'self' data: blob: https://maps.googleapis.com https://maps.gstatic.com; connect-src 'self' https://maps.googleapis.com; font-src 'self' https://fonts.gstatic.com; form-action 'self'; base-uri 'self'; object-src 'none'; worker-src 'self'; manifest-src 'self'; frame-ancestors 'none'",
							"otherinfo": "style-src includes unsafe-inline."
						},
						{
							"id": "7",
							"uri": "http://13.212.25.234/sitemap.xml",
							"nodeName": "http:\/\/13.212.25.234\/sitemap.xml",
							"method": "GET",
							"param": "Content-Security-Policy",
							"attack": "",
							"evidence": "default-src 'self'; script-src 'self' 'unsafe-inline' https://maps.googleapis.com; style-src 'self' 'unsafe-inline' https://fonts.googleapis.com; img-src 'self' data: blob: https://maps.googleapis.com https://maps.gstatic.com; connect-src 'self' https://maps.googleapis.com; font-src 'self' https://fonts.gstatic.com; form-action 'self'; base-uri 'self'; object-src 'none'; worker-src 'self'; manifest-src 'self'; frame-ancestors 'none'",
							"otherinfo": "style-src includes unsafe-inline."
						}
					],
					"count": "3",
					"systemic": true,
					"solution": "<p>Ensure that your web server, application server, load balancer, etc. is properly configured to set the Content-Security-Policy header.</p>",
					"otherinfo": "<p>style-src includes unsafe-inline.</p>",
					"reference": "<p>https://www.w3.org/TR/CSP/</p><p>https://caniuse.com/#search=content+security+policy</p><p>https://content-security-policy.com/</p><p>https://github.com/HtmlUnit/htmlunit-csp</p><p>https://web.dev/articles/csp#resource-options</p>",
					"cweid": "693",
					"wascid": "15",
					"sourceid": "1"
				},
				{
					"pluginid": "90004",
					"alertRef": "90004-2",
					"alert": "Insufficient Site Isolation Against Spectre Vulnerability",
					"name": "Insufficient Site Isolation Against Spectre Vulnerability",
					"riskcode": "1",
					"confidence": "2",
					"riskdesc": "Low (Medium)",
					"desc": "<p>Cross-Origin-Embedder-Policy header is a response header that prevents a document from loading any cross-origin resources that don't explicitly grant the document permission (using CORP or CORS).</p>",
					"instances":[ 
						{
							"id": "16",
							"uri": "http://13.212.25.234",
							"nodeName": "http:\/\/13.212.25.234",
							"method": "GET",
							"param": "Cross-Origin-Embedder-Policy",
							"attack": "",
							"evidence": "",
							"otherinfo": ""
						},
						{
							"id": "17",
							"uri": "http://13.212.25.234/robots.txt",
							"nodeName": "http:\/\/13.212.25.234\/robots.txt",
							"method": "GET",
							"param": "Cross-Origin-Embedder-Policy",
							"attack": "",
							"evidence": "",
							"otherinfo": ""
						},
						{
							"id": "34",
							"uri": "http://13.212.25.234/sitemap.xml",
							"nodeName": "http:\/\/13.212.25.234\/sitemap.xml",
							"method": "GET",
							"param": "Cross-Origin-Embedder-Policy",
							"attack": "",
							"evidence": "",
							"otherinfo": ""
						},
						{
							"id": "18",
							"uri": "http://13.212.25.234",
							"nodeName": "http:\/\/13.212.25.234",
							"method": "GET",
							"param": "Cross-Origin-Opener-Policy",
							"attack": "",
							"evidence": "",
							"otherinfo": ""
						},
						{
							"id": "20",
							"uri": "http://13.212.25.234/robots.txt",
							"nodeName": "http:\/\/13.212.25.234\/robots.txt",
							"method": "GET",
							"param": "Cross-Origin-Opener-Policy",
							"attack": "",
							"evidence": "",
							"otherinfo": ""
						},
						{
							"id": "35",
							"uri": "http://13.212.25.234/sitemap.xml",
							"nodeName": "http:\/\/13.212.25.234\/sitemap.xml",
							"method": "GET",
							"param": "Cross-Origin-Opener-Policy",
							"attack": "",
							"evidence": "",
							"otherinfo": ""
						}
					],
					"count": "6",
					"systemic": true,
					"solution": "<p>Ensure that the application/web server sets the Cross-Origin-Embedder-Policy header appropriately, and that it sets the Cross-Origin-Embedder-Policy header to 'require-corp' for documents.</p><p>If possible, ensure that the end user uses a standards-compliant and modern web browser that supports the Cross-Origin-Embedder-Policy header (https://caniuse.com/mdn-http_headers_cross-origin-embedder-policy).</p>",
					"otherinfo": "",
					"reference": "<p>https://developer.mozilla.org/en-US/docs/Web/HTTP/Reference/Headers/Cross-Origin-Embedder-Policy</p>",
					"cweid": "693",
					"wascid": "14",
					"sourceid": "6"
				},
				{
					"pluginid": "2",
					"alertRef": "2",
					"alert": "Private IP Disclosure",
					"name": "Private IP Disclosure",
					"riskcode": "1",
					"confidence": "2",
					"riskdesc": "Low (Medium)",
					"desc": "<p>A private IP (such as 10.x.x.x, 172.x.x.x, 192.168.x.x) or an Amazon EC2 private hostname (for example, ip-10-0-56-78) has been found in the HTTP response body. This information might be helpful for further attacks targeting internal systems.</p>",
					"instances":[ 
						{
							"id": "38",
							"uri": "http://13.212.25.234/assets/index-DDmq3THR.js",
							"nodeName": "http:\/\/13.212.25.234\/assets\/index-DDmq3THR.js",
							"method": "GET",
							"param": "",
							"attack": "",
							"evidence": "10.0.2.2:3000",
							"otherinfo": "10.0.2.2:3000\n10.0.2.2:3000\n"
						}
					],
					"count": "1",
					"systemic": false,
					"solution": "<p>Remove the private IP address from the HTTP response body. For comments, use JSP/ASP/PHP comment instead of HTML/JavaScript comment which can be seen by client browsers.</p>",
					"otherinfo": "<p>10.0.2.2:3000</p><p>10.0.2.2:3000</p><p></p>",
					"reference": "<p>https://datatracker.ietf.org/doc/html/rfc1918</p>",
					"cweid": "497",
					"wascid": "13",
					"sourceid": "15"
				},
				{
					"pluginid": "10094",
					"alertRef": "10094-3",
					"alert": "Base64 Disclosure",
					"name": "Base64 Disclosure",
					"riskcode": "0",
					"confidence": "2",
					"riskdesc": "Informational (Medium)",
					"desc": "<p>Base64 encoded data was disclosed by the application/web server. Note: in the interests of performance not all base64 strings in the response were analyzed individually, the entire response should be looked at by the analyst/security team/developer(s).</p>",
					"instances":[ 
						{
							"id": "41",
							"uri": "http://13.212.25.234/assets/index-DDmq3THR.js",
							"nodeName": "http:\/\/13.212.25.234\/assets\/index-DDmq3THR.js",
							"method": "GET",
							"param": "",
							"attack": "",
							"evidence": "ModuleSymbhasOwnPr-0123456789ABCDEFGHNRVfgctiUvz_KqYTJkLxpZXIjQW",
							"otherinfo": "2\uFFFDn\uFFFD\u4C99\uFFFDZ\uFFFD\uFFFD'>\uFFFD\uFFFD\uFFFDm\uFFFD\uFFFD\uFFFD\uFFFD\\x0000B\\x000cAF\\x001c\uFFFDU~\\x0007-\uFFFDK\uFFFD\uFFFD\uFFFD\uFFFDL\uFFFD\\x000b\u0196W\"4\\x0016"
						}
					],
					"count": "1",
					"systemic": false,
					"solution": "<p>Manually confirm that the Base64 data does not leak sensitive information, and that the data cannot be aggregated/used to exploit other vulnerabilities.</p>",
					"otherinfo": "<p>2\uFFFDn\uFFFD\u4C99\uFFFDZ\uFFFD\uFFFD'>\uFFFD\uFFFD\uFFFDm\uFFFD\uFFFD\uFFFD\uFFFD\\x0000B\\x000cAF\\x001c\uFFFDU~\\x0007-\uFFFDK\uFFFD\uFFFD\uFFFD\uFFFDL\uFFFD\\x000b\u0196W\"4\\x0016</p>",
					"reference": "<p>https://projects.webappsec.org/w/page/13246936/Information%20Leakage</p>",
					"cweid": "319",
					"wascid": "13",
					"sourceid": "15"
				},
				{
					"pluginid": "10027",
					"alertRef": "10027",
					"alert": "Information Disclosure - Suspicious Comments",
					"name": "Information Disclosure - Suspicious Comments",
					"riskcode": "0",
					"confidence": "1",
					"riskdesc": "Informational (Low)",
					"desc": "<p>The response appears to contain suspicious comments which may help an attacker.</p>",
					"instances":[ 
						{
							"id": "39",
							"uri": "http://13.212.25.234/assets/index-DDmq3THR.js",
							"nodeName": "http:\/\/13.212.25.234\/assets\/index-DDmq3THR.js",
							"method": "GET",
							"param": "",
							"attack": "",
							"evidence": "select",
							"otherinfo": "The following pattern was used: \\bSELECT\\b and was detected in likely comment: \"//www.w3.org/2000/svg\",y);break;case 2:b=O.createElementNS(\"http://www.w3.org/1998/Math/MathML\",y);break;default:switch(y){case\"\", see evidence field for the suspicious comment/snippet."
						}
					],
					"count": "1",
					"systemic": false,
					"solution": "<p>Remove all comments that return information that may help an attacker and fix any underlying problems they refer to.</p>",
					"otherinfo": "<p>The following pattern was used: \\bSELECT\\b and was detected in likely comment: \"//www.w3.org/2000/svg\",y);break;case 2:b=O.createElementNS(\"http://www.w3.org/1998/Math/MathML\",y);break;default:switch(y){case\"\", see evidence field for the suspicious comment/snippet.</p>",
					"reference": "",
					"cweid": "615",
					"wascid": "13",
					"sourceid": "15"
				},
				{
					"pluginid": "10109",
					"alertRef": "10109",
					"alert": "Modern Web Application",
					"name": "Modern Web Application",
					"riskcode": "0",
					"confidence": "2",
					"riskdesc": "Informational (Medium)",
					"desc": "<p>The application appears to be a modern web application. If you need to explore it automatically then the Ajax Spider may well be more effective than the standard one.</p>",
					"instances":[ 
						{
							"id": "8",
							"uri": "http://13.212.25.234",
							"nodeName": "http:\/\/13.212.25.234",
							"method": "GET",
							"param": "",
							"attack": "",
							"evidence": "<script type=\"module\" crossorigin src=\"/assets/index-DDmq3THR.js\"></script>",
							"otherinfo": "No links have been found while there are scripts, which is an indication that this is a modern web application."
						},
						{
							"id": "9",
							"uri": "http://13.212.25.234/robots.txt",
							"nodeName": "http:\/\/13.212.25.234\/robots.txt",
							"method": "GET",
							"param": "",
							"attack": "",
							"evidence": "<script type=\"module\" crossorigin src=\"/assets/index-DDmq3THR.js\"></script>",
							"otherinfo": "No links have been found while there are scripts, which is an indication that this is a modern web application."
						},
						{
							"id": "10",
							"uri": "http://13.212.25.234/sitemap.xml",
							"nodeName": "http:\/\/13.212.25.234\/sitemap.xml",
							"method": "GET",
							"param": "",
							"attack": "",
							"evidence": "<script type=\"module\" crossorigin src=\"/assets/index-DDmq3THR.js\"></script>",
							"otherinfo": "No links have been found while there are scripts, which is an indication that this is a modern web application."
						}
					],
					"count": "3",
					"systemic": true,
					"solution": "<p>This is an informational alert and so no changes are required.</p>",
					"otherinfo": "<p>No links have been found while there are scripts, which is an indication that this is a modern web application.</p>",
					"reference": "",
					"cweid": "-1",
					"wascid": "-1",
					"sourceid": "1"
				},
				{
					"pluginid": "90005",
					"alertRef": "90005-3",
					"alert": "Sec-Fetch-Dest Header is Missing",
					"name": "Sec-Fetch-Dest Header is Missing",
					"riskcode": "0",
					"confidence": "3",
					"riskdesc": "Informational (High)",
					"desc": "<p>Specifies how and where the data would be used. For instance, if the value is audio, then the requested resource must be audio data and not any other type of resource.</p>",
					"instances":[ 
						{
							"id": "28",
							"uri": "http://13.212.25.234",
							"nodeName": "http:\/\/13.212.25.234",
							"method": "GET",
							"param": "Sec-Fetch-Dest",
							"attack": "",
							"evidence": "",
							"otherinfo": ""
						},
						{
							"id": "26",
							"uri": "http://13.212.25.234/robots.txt",
							"nodeName": "http:\/\/13.212.25.234\/robots.txt",
							"method": "GET",
							"param": "Sec-Fetch-Dest",
							"attack": "",
							"evidence": "",
							"otherinfo": ""
						}
					],
					"count": "2",
					"systemic": true,
					"solution": "<p>Ensure that Sec-Fetch-Dest header is included in request headers.</p>",
					"otherinfo": "",
					"reference": "<p>https://developer.mozilla.org/en-US/docs/Web/HTTP/Reference/Headers/Sec-Fetch-Dest</p>",
					"cweid": "352",
					"wascid": "9",
					"sourceid": "6"
				},
				{
					"pluginid": "90005",
					"alertRef": "90005-2",
					"alert": "Sec-Fetch-Mode Header is Missing",
					"name": "Sec-Fetch-Mode Header is Missing",
					"riskcode": "0",
					"confidence": "3",
					"riskdesc": "Informational (High)",
					"desc": "<p>Allows to differentiate between requests for navigating between HTML pages and requests for loading resources like images, audio etc.</p>",
					"instances":[ 
						{
							"id": "25",
							"uri": "http://13.212.25.234",
							"nodeName": "http:\/\/13.212.25.234",
							"method": "GET",
							"param": "Sec-Fetch-Mode",
							"attack": "",
							"evidence": "",
							"otherinfo": ""
						},
						{
							"id": "24",
							"uri": "http://13.212.25.234/robots.txt",
							"nodeName": "http:\/\/13.212.25.234\/robots.txt",
							"method": "GET",
							"param": "Sec-Fetch-Mode",
							"attack": "",
							"evidence": "",
							"otherinfo": ""
						}
					],
					"count": "2",
					"systemic": true,
					"solution": "<p>Ensure that Sec-Fetch-Mode header is included in request headers.</p>",
					"otherinfo": "",
					"reference": "<p>https://developer.mozilla.org/en-US/docs/Web/HTTP/Reference/Headers/Sec-Fetch-Mode</p>",
					"cweid": "352",
					"wascid": "9",
					"sourceid": "1"
				},
				{
					"pluginid": "90005",
					"alertRef": "90005-1",
					"alert": "Sec-Fetch-Site Header is Missing",
					"name": "Sec-Fetch-Site Header is Missing",
					"riskcode": "0",
					"confidence": "3",
					"riskdesc": "Informational (High)",
					"desc": "<p>Specifies the relationship between request initiator's origin and target's origin.</p>",
					"instances":[ 
						{
							"id": "22",
							"uri": "http://13.212.25.234",
							"nodeName": "http:\/\/13.212.25.234",
							"method": "GET",
							"param": "Sec-Fetch-Site",
							"attack": "",
							"evidence": "",
							"otherinfo": ""
						},
						{
							"id": "23",
							"uri": "http://13.212.25.234/robots.txt",
							"nodeName": "http:\/\/13.212.25.234\/robots.txt",
							"method": "GET",
							"param": "Sec-Fetch-Site",
							"attack": "",
							"evidence": "",
							"otherinfo": ""
						}
					],
					"count": "2",
					"systemic": true,
					"solution": "<p>Ensure that Sec-Fetch-Site header is included in request headers.</p>",
					"otherinfo": "",
					"reference": "<p>https://developer.mozilla.org/en-US/docs/Web/HTTP/Reference/Headers/Sec-Fetch-Site</p>",
					"cweid": "352",
					"wascid": "9",
					"sourceid": "1"
				},
				{
					"pluginid": "90005",
					"alertRef": "90005-4",
					"alert": "Sec-Fetch-User Header is Missing",
					"name": "Sec-Fetch-User Header is Missing",
					"riskcode": "0",
					"confidence": "3",
					"riskdesc": "Informational (High)",
					"desc": "<p>Specifies if a navigation request was initiated by a user.</p>",
					"instances":[ 
						{
							"id": "30",
							"uri": "http://13.212.25.234",
							"nodeName": "http:\/\/13.212.25.234",
							"method": "GET",
							"param": "Sec-Fetch-User",
							"attack": "",
							"evidence": "",
							"otherinfo": ""
						},
						{
							"id": "31",
							"uri": "http://13.212.25.234/robots.txt",
							"nodeName": "http:\/\/13.212.25.234\/robots.txt",
							"method": "GET",
							"param": "Sec-Fetch-User",
							"attack": "",
							"evidence": "",
							"otherinfo": ""
						}
					],
					"count": "2",
					"systemic": true,
					"solution": "<p>Ensure that Sec-Fetch-User header is included in user initiated requests.</p>",
					"otherinfo": "",
					"reference": "<p>https://developer.mozilla.org/en-US/docs/Web/HTTP/Reference/Headers/Sec-Fetch-User</p>",
					"cweid": "352",
					"wascid": "9",
					"sourceid": "6"
				},
				{
					"pluginid": "10049",
					"alertRef": "10049-3",
					"alert": "Storable and Cacheable Content",
					"name": "Storable and Cacheable Content",
					"riskcode": "0",
					"confidence": "2",
					"riskdesc": "Informational (Medium)",
					"desc": "<p>The response contents are storable by caching components such as proxy servers, and may be retrieved directly from the cache, rather than from the origin server by the caching servers, in response to similar requests from other users. If the response data is sensitive, personal or user-specific, this may result in sensitive information being leaked. In some cases, this may even result in a user gaining complete control of the session of another user, depending on the configuration of the caching components in use in their environment. This is primarily an issue where \"shared\" caching servers such as \"proxy\" caches are configured on the local network. This configuration is typically found in corporate or educational environments, for instance.</p>",
					"instances":[ 
						{
							"id": "13",
							"uri": "http://13.212.25.234",
							"nodeName": "http:\/\/13.212.25.234",
							"method": "GET",
							"param": "",
							"attack": "",
							"evidence": "",
							"otherinfo": "In the absence of an explicitly specified caching lifetime directive in the response, a liberal lifetime heuristic of 1 year was assumed. This is permitted by rfc7234."
						},
						{
							"id": "37",
							"uri": "http://13.212.25.234/assets/index-DtUKDIsp.css",
							"nodeName": "http:\/\/13.212.25.234\/assets\/index-DtUKDIsp.css",
							"method": "GET",
							"param": "",
							"attack": "",
							"evidence": "max-age=2592000",
							"otherinfo": ""
						},
						{
							"id": "14",
							"uri": "http://13.212.25.234/robots.txt",
							"nodeName": "http:\/\/13.212.25.234\/robots.txt",
							"method": "GET",
							"param": "",
							"attack": "",
							"evidence": "",
							"otherinfo": "In the absence of an explicitly specified caching lifetime directive in the response, a liberal lifetime heuristic of 1 year was assumed. This is permitted by rfc7234."
						},
						{
							"id": "33",
							"uri": "http://13.212.25.234/sitemap.xml",
							"nodeName": "http:\/\/13.212.25.234\/sitemap.xml",
							"method": "GET",
							"param": "",
							"attack": "",
							"evidence": "",
							"otherinfo": "In the absence of an explicitly specified caching lifetime directive in the response, a liberal lifetime heuristic of 1 year was assumed. This is permitted by rfc7234."
						},
						{
							"id": "36",
							"uri": "http://13.212.25.234/vite.svg",
							"nodeName": "http:\/\/13.212.25.234\/vite.svg",
							"method": "GET",
							"param": "",
							"attack": "",
							"evidence": "max-age=2592000",
							"otherinfo": ""
						}
					],
					"count": "5",
					"systemic": true,
					"solution": "<p>Validate that the response does not contain sensitive, personal or user-specific information. If it does, consider the use of the following HTTP response headers, to limit, or prevent the content being stored and retrieved from the cache by another user:</p><p>Cache-Control: no-cache, no-store, must-revalidate, private</p><p>Pragma: no-cache</p><p>Expires: 0</p><p>This configuration directs both HTTP 1.0 and HTTP 1.1 compliant caching servers to not store the response, and to not retrieve the response (without validation) from the cache, in response to a similar request.</p>",
					"otherinfo": "<p>In the absence of an explicitly specified caching lifetime directive in the response, a liberal lifetime heuristic of 1 year was assumed. This is permitted by rfc7234.</p>",
					"reference": "<p>https://datatracker.ietf.org/doc/html/rfc7234</p><p>https://datatracker.ietf.org/doc/html/rfc7231</p><p>https://www.w3.org/Protocols/rfc2616/rfc2616-sec13.html</p>",
					"cweid": "524",
					"wascid": "13",
					"sourceid": "1"
				}
			]
		}
	],
	"sequences":[
	]

}
